CREATE TABLE GAME_TBL
(
	G_ID 				CHAR(4)   		PRIMARY KEY,
	G_NAME   			VARCHAR2(200)  	NOT NULL,
	G_MAKER  			CHAR(6)  		NOT NULL,
	G_RELEASE  			DATE   			NOT NULL,
	G_SALES_PRICE   	NUMBER(7)  		NOT NULL,
	G_SUPPLY_PRICE    	NUMBER(7)  		NOT NULL,
	G_GENRE  			CHAR(6)   		NOT NULL,
	G_SHOW  			VARCHAR2(1)  	DEFAULT 'Y' NOT NULL
	
);

INSERT INTO GAME_TBL VALUES ('G001', 'Dead by Daylight' , 'CMS015' , '20210204' , '21000' , '13000' , 'CMS005', 'Y');
INSERT INTO GAME_TBL VALUES ('G002', 'Green Hell ' , 'CMS014' , '20200622' , '26000', '14000' , 'CMS009', 'Y');
INSERT INTO GAME_TBL VALUES ('G003', '배틀그라운드' , 'CMS010' , '20191114' , '32000' , '20000', 'CMS005','Y');
INSERT INTO GAME_TBL VALUES ('G004', 'EA SPORTS™ FIFA 21' , 'CMS016' , '20191212' , '36000', '66000' , 'CMS012','Y');
INSERT INTO GAME_TBL VALUES ('G005', 'Among Us' , 'CMS018' , '20200501' , '5500' , '3000' , 'CMS017','Y' );

--DROP TABLE GAME_TBL
SELECT * FROM GAME_TBL;
--COMMIT;
CREATE TABLE COMMONS_TBL
(
	CMS_ID 			 CHAR(6)  			PRIMARY KEY,
	CMS_NAME  		 VARCHAR2(120)  	NOT NULL,
	CMS_LVL  		 NUMBER(3)  		NOT NULL,
	CMS_SEQ   	 	 NUMBER(5)  		NOT NULL,
	PARENT_CMS_ID 	 CHAR(6)  			NULL,
	GROUP_NUM 		 NUMBER(3) 			NOT NULL
);

INSERT INTO COMMONS_TBL VALUES('CMS001', '제조사', 1 , 1, NULL, 1);
INSERT INTO COMMONS_TBL VALUES('CMS002', '국가', 1 , 2, NULL, 2);
INSERT INTO COMMONS_TBL VALUES('CMS003', '장르', 1 , 3, NULL, 3);
INSERT INTO COMMONS_TBL VALUES('CMS004', '한국', 2 , 1, 'CMS002', 2);
INSERT INTO COMMONS_TBL VALUES('CMS005', 'Action', 2 , 1, 'CMS003', 3);
INSERT INTO COMMONS_TBL VALUES('CMS006', '미국', 2 , 2, 'CMS002', 2);
INSERT INTO COMMONS_TBL VALUES('CMS007', '프랑스', 2 , 3, 'CMS002', 2);
INSERT INTO COMMONS_TBL VALUES('CMS008', '중국', 2 , 4, 'CMS002', 2);
INSERT INTO COMMONS_TBL VALUES('CMS009', 'Adventure', 2 , 2, 'CMS003', 3);
INSERT INTO COMMONS_TBL VALUES('CMS010', 'KRAFTON', 2 , 1, 'CMS001', 1);
INSERT INTO COMMONS_TBL VALUES('CMS011', 'RPG', 2 , 3, 'CMS003', 3);
INSERT INTO COMMONS_TBL VALUES('CMS012', 'Sports', 2 , 4, 'CMS003', 3);
INSERT INTO COMMONS_TBL VALUES('CMS013', 'Simulation', 2 , 5, 'CMS003', 3);
INSERT INTO COMMONS_TBL VALUES('CMS014', 'Creepy Jar', 2 , 2, 'CMS001', 1);
INSERT INTO COMMONS_TBL VALUES('CMS015', 'Behaviour Interactive Inc', 2 , 3, 'CMS001', 1);
INSERT INTO COMMONS_TBL VALUES('CMS016', 'Electronic Arts', 2 , 4, 'CMS001', 1);
INSERT INTO COMMONS_TBL VALUES('CMS017', 'Casual', 2 , 6, 'CMS003', 3);
INSERT INTO COMMONS_TBL VALUES('CMS018', 'Innersloth', 2 , 5, 'CMS001', 1);
INSERT INTO COMMONS_TBL VALUES('CMS019', 'UK', 2 , 5, 'CMS002', 2);
INSERT INTO COMMONS_TBL VALUES('CMS020', '일본', 2 , 6, 'CMS002', 2);

--INSERT INTO COMMONS_TBL VALUES('CMS021', '실험1', 3 , 1, 'CMS003', 3);
--INSERT INTO COMMONS_TBL VALUES('CMS022', '실험2', 3 , 2, 'CMS003', 3);
--INSERT INTO COMMONS_TBL VALUES('CMS023', '실험3', 2 , 7, 'CMS002', 2);
--INSERT INTO COMMONS_TBL VALUES('CMS024', '실험4', 3 , 3, 'CMS003', 3);

--DROP TABLE COMMONS_TBL 

SELECT * FROM COMMONS_TBL;
--COMMIT;
CREATE TABLE POINT_TBL
(
	PT_ID  		CHAR(5)  		PRIMARY KEY,
	S_ID 		CHAR(4) 		NOT NULL,
	CT_ID  		CHAR(5)  		NOT NULL,
	PT_SCORE 	NUMBER(20)  	DEFAULT 0  NOT NULL,
	PT_SAVE_USE VARCHAR2(1) 	NOT NULL,
	PT_DATE  	DATE  			NOT NULL,
	PT_SHOW  	VARCHAR2(1)  	DEFAULT 'Y' NOT NULL
	
);

INSERT INTO POINT_TBL VALUES( 'PT001', 'S001', 'CT001', 1050, 'S', '20210404', 'Y');
INSERT INTO POINT_TBL VALUES( 'PT002', 'S002', 'CT005', 1300, 'S' , '20210501', 'Y' ); 
INSERT INTO POINT_TBL VALUES( 'PT003', 'S003', 'CT008', 1600, 'S', '20210501', 'Y'); 

SELECT * FROM POINT_TBL;
SELECT * FROM COMMONS_TBL;
SELECT * FROM GAME_TBL;

--COMMIT;

-------------------------------------------------------------------------
-------------------------------------------------------------------------







