-- 데이터 설명
-- 1. 우리는 산림청 직원입니다.
-- 2. 나무를 공급받아 공원에 재배하는 임무를 맡았습니다.
-- 3. 재배후 나무가 얼마나 잘 자랐는지 점검을 합니다.

-- 나무 테이블
-- 순서: 나무ID, 나무이름, 과, 형태
CREATE TABLE TREE
(
        TID     CHAR(4)     NOT NULL        PRIMARY KEY,
        TNAME       VARCHAR(30)     NOT NULL,
        TFAMILY     VARCHAR(30)     NOT NULL,
        TLEAF       VARCHAR(10)     NOT NULL
);

INSERT INTO TREE VALUES('T001', '생강나무', '녹나무과', '활엽수');
INSERT INTO TREE VALUES('T002', '졸참나무', '참나무과', '활엽수');
INSERT INTO TREE VALUES('T003', '소나무', '소나무과', '침엽수');
INSERT INTO TREE VALUES('T004', '너도밤나무', '참나무과', '활엽수');
INSERT INTO TREE VALUES('T005', '느티나무', '느릅나무과', '활엽수');
INSERT INTO TREE VALUES('T006', '동백나무', '녹나무과', '활엽수');
INSERT INTO TREE VALUES('T007', '떡갈나무', '참나무과', '활엽수');
INSERT INTO TREE VALUES('T008', '전나무', '소나무과', '침엽수');
INSERT INTO TREE VALUES('T009', '포도나무', '포도과', '활엽수');
INSERT INTO TREE VALUES('T010', '괭이신나무', '단풍나무과', '활엽수');

-- 공원 테아블
-- 순서: 공원ID, 공원이름, 소재, 분류
CREATE TABLE PARK
(
        PKID    CHAR(5)     NOT NULL        PRIMARY KEY,
        PKNAME      VARCHAR(30)     NOT NULL,
        PKADDR      VARCHAR(15)     NOT NULL,
        PKCLASS     CHAR(15)        NOT NULL
);

INSERT INTO PARK VALUES('PK001', '부산시민공원', '부산', '도시공원');
INSERT INTO PARK VALUES('PK002', '낙산공원', '양양', '도립공원');
INSERT INTO PARK VALUES('PK003', '지리산공원', '하동', '국립공원');
INSERT INTO PARK VALUES('PK004', '서울어린이공원', '서울', '도시공원');
INSERT INTO PARK VALUES('PK005', '설악산공원', '속초', '국립공원');
INSERT INTO PARK VALUES('PK006', '조계산공원', '순천', '도립공원');
INSERT INTO PARK VALUES('PK007', '대구올림픽공원', '대구', '도시공원');
INSERT INTO PARK VALUES('PK008', '주왕산공원', '청송', '국립공원');
INSERT INTO PARK VALUES('PK009', 'UN공원', '부산', '도시공원');
INSERT INTO PARK VALUES('PK010', '한라산공원', '제주', '국립공원');
INSERT INTO PARK VALUES('PK011', '남한산성공원', '성남', '도립공원');
INSERT INTO PARK VALUES('PK012', '태백산공원', '태백', '국립공원');
SELECT * FROM PARK;
--묘목 재배 테이블
-- 순서: 재배ID, 나무ID, 공원ID
CREATE TABLE PLANT_TREE
(
        PLTID       CHAR(6)     NOT NULL        PRIMARY KEY,
        TID     CHAR(4)     NOT NULL,
        PKID        CHAR(5)     NOT NULL
);

INSERT INTO PLANT_TREE VALUES('PT001', 'T001', 'PK001');
INSERT INTO PLANT_TREE VALUES('PT002',	'T002', 'PK002');
INSERT INTO PLANT_TREE VALUES('PT003',	'T003', 'PK003');
INSERT INTO PLANT_TREE VALUES('PT004','T004',	'PK004');
INSERT INTO PLANT_TREE VALUES('PT005','T005',	'PK005');
INSERT INTO PLANT_TREE VALUES('PT006','T006',	'PK006');
INSERT INTO PLANT_TREE VALUES('PT007','T007',	'PK007');
INSERT INTO PLANT_TREE VALUES('PT008','T008',	'PK008');
INSERT INTO PLANT_TREE VALUES('PT009','T009',	'PK009');
INSERT INTO PLANT_TREE VALUES('PT010','T010',	'PK010');
INSERT INTO PLANT_TREE VALUES('PT011','T001',	'PK011');
INSERT INTO PLANT_TREE VALUES('PT012','T001',	'PK012');
INSERT INTO PLANT_TREE VALUES('PT013','T002',	'PK001');
INSERT INTO PLANT_TREE VALUES('PT014'	,'T003',	'PK001');
INSERT INTO PLANT_TREE VALUES('PT015'	,'T004',	'PK002');
INSERT INTO PLANT_TREE VALUES('PT016','T005',	'PK003');
INSERT INTO PLANT_TREE VALUES('PT017',	'T006',	'PK004');
INSERT INTO PLANT_TREE VALUES('PT018',	'T007',	'PK005');
INSERT INTO PLANT_TREE VALUES('PT019',	'T008',	'PK006');
INSERT INTO PLANT_TREE VALUES('PT020',	'T009',	'PK007');
INSERT INTO PLANT_TREE VALUES('PT021',	'T010',	'PK008');
INSERT INTO PLANT_TREE VALUES('PT022',	'T001',	'PK009');
INSERT INTO PLANT_TREE VALUES('PT023',	'T001',	'PK010');
INSERT INTO PLANT_TREE VALUES('PT024',	'T002',	'PK011');
INSERT INTO PLANT_TREE VALUES('PT025',	'T003',	'PK012');
INSERT INTO PLANT_TREE VALUES('PT026',	'T004',	'PK001');
INSERT INTO PLANT_TREE VALUES('PT027',	'T005',	'PK001');
INSERT INTO PLANT_TREE VALUES('PT028',	'T006',	'PK002');
INSERT INTO PLANT_TREE VALUES('PT029',	'T007',	'PK003');
INSERT INTO PLANT_TREE VALUES('PT030',	'T008',	'PK004');
INSERT INTO PLANT_TREE VALUES('PT031',	'T009',	'PK005');
INSERT INTO PLANT_TREE VALUES('PT032',	'T010',	'PK006');
INSERT INTO PLANT_TREE VALUES('PT033',	'T001',	'PK007');
INSERT INTO PLANT_TREE VALUES('PT034',	'T001',	'PK008');
INSERT INTO PLANT_TREE VALUES('PT035',	'T002',	'PK009');
INSERT INTO PLANT_TREE VALUES('PT036',	'T003',	'PK010');
INSERT INTO PLANT_TREE VALUES('PT037',	'T004',	'PK011');
INSERT INTO PLANT_TREE VALUES('PT038',	'T005',	'PK012');
INSERT INTO PLANT_TREE VALUES('PT039',	'T006',	'PK001');
INSERT INTO PLANT_TREE VALUES('PT040',	'T007',	'PK001');
INSERT INTO PLANT_TREE VALUES('PT041',	'T008',	'PK002');
INSERT INTO PLANT_TREE VALUES('PT042',	'T009',	'PK003');
INSERT INTO PLANT_TREE VALUES('PT043',	'T010',	'PK004');
INSERT INTO PLANT_TREE VALUES('PT044',	'T001',	'PK005');
INSERT INTO PLANT_TREE VALUES('PT045',	'T001',	'PK006');
INSERT INTO PLANT_TREE VALUES('PT046',	'T002',	'PK007');
INSERT INTO PLANT_TREE VALUES('PT047',	'T003',	'PK008');
INSERT INTO PLANT_TREE VALUES('PT048',	'T004',	'PK009');
INSERT INTO PLANT_TREE VALUES('PT049',	'T005',	'PK010');
INSERT INTO PLANT_TREE VALUES('PT050',	'T008',	'PK004');
INSERT INTO PLANT_TREE VALUES('PT051',	'T009',	'PK005');
INSERT INTO PLANT_TREE VALUES('PT052',	'T010',	'PK006');
INSERT INTO PLANT_TREE VALUES('PT053',	'T001',	'PK007');
INSERT INTO PLANT_TREE VALUES('PT054',	'T001',	'PK008');
INSERT INTO PLANT_TREE VALUES('PT055',	'T002',	'PK009');
INSERT INTO PLANT_TREE VALUES('PT056',	'T003',	'PK010');
INSERT INTO PLANT_TREE VALUES('PT057',	'T004',	'PK011');
INSERT INTO PLANT_TREE VALUES('PT058',	'T005',	'PK012');
INSERT INTO PLANT_TREE VALUES('PT059',	'T006',	'PK001');
INSERT INTO PLANT_TREE VALUES('PT060',	'T007',	'PK001');
INSERT INTO PLANT_TREE VALUES('PT061',	'T008',	'PK002');
INSERT INTO PLANT_TREE VALUES('PT062',	'T009',	'PK003');
INSERT INTO PLANT_TREE VALUES('PT063',	'T010',	'PK004');
INSERT INTO PLANT_TREE VALUES('PT064',	'T001',	'PK005');
INSERT INTO PLANT_TREE VALUES('PT065',   'T001',	'PK006');
INSERT INTO PLANT_TREE VALUES('PT066',	'T002',	'PK007');
INSERT INTO PLANT_TREE VALUES('PT067',	'T003',	'PK008');
INSERT INTO PLANT_TREE VALUES('PT068',	'T004',	'PK009');
INSERT INTO PLANT_TREE VALUES('PT069',	'T005',	'PK010');
INSERT INTO PLANT_TREE VALUES('PT070',	'T008',	'PK004');
INSERT INTO PLANT_TREE VALUES('PT071',	'T009',	'PK005');
INSERT INTO PLANT_TREE VALUES('PT072',	'T010',	'PK006');
INSERT INTO PLANT_TREE VALUES('PT073',	'T001',	'PK007');
INSERT INTO PLANT_TREE VALUES('PT074',	'T001',	'PK008');
INSERT INTO PLANT_TREE VALUES('PT075',	'T002',	'PK009');
INSERT INTO PLANT_TREE VALUES('PT076',	'T003',	'PK010');
INSERT INTO PLANT_TREE VALUES('PT077',	'T004',	'PK011');
INSERT INTO PLANT_TREE VALUES('PT078',	'T005',	'PK012');
INSERT INTO PLANT_TREE VALUES('PT079',	'T006',	'PK001');
INSERT INTO PLANT_TREE VALUES('PT080',	'T007',	'PK001');
INSERT INTO PLANT_TREE VALUES('PT081',	'T008',	'PK002');
INSERT INTO PLANT_TREE VALUES('PT082',	'T009',	'PK003');
INSERT INTO PLANT_TREE VALUES('PT083',	'T010',	'PK004');
INSERT INTO PLANT_TREE VALUES('PT084',	'T001',	'PK005');
INSERT INTO PLANT_TREE VALUES('PT085',	'T001',	'PK006');
INSERT INTO PLANT_TREE VALUES('PT086',	'T002',	'PK007');
INSERT INTO PLANT_TREE VALUES('PT087',	'T003',	'PK008');
INSERT INTO PLANT_TREE VALUES('PT088',	'T004',	'PK009');
INSERT INTO PLANT_TREE VALUES('PT089',	'T005',	'PK010');
INSERT INTO PLANT_TREE VALUES('PT090',	'T008',	'PK004');
INSERT INTO PLANT_TREE VALUES('PT091',	'T009',	'PK005');
INSERT INTO PLANT_TREE VALUES('PT092',	'T010',	'PK006');
INSERT INTO PLANT_TREE VALUES('PT093',	'T001',	'PK007');
INSERT INTO PLANT_TREE VALUES('PT094',	'T001',	'PK008');
INSERT INTO PLANT_TREE VALUES('PT095',	'T002',	'PK009');
INSERT INTO PLANT_TREE VALUES('PT096',	'T003',	'PK010');
INSERT INTO PLANT_TREE VALUES('PT097',	'T004',	'PK011');
INSERT INTO PLANT_TREE VALUES('PT098',	'T005',	'PK012');
INSERT INTO PLANT_TREE VALUES('PT099',	'T006',	'PK001');
INSERT INTO PLANT_TREE VALUES('PT100',	'T007',	'PK001');
INSERT INTO PLANT_TREE VALUES('PT101',	'T008',	'PK002');
INSERT INTO PLANT_TREE VALUES('PT102',	'T009',	'PK003');
INSERT INTO PLANT_TREE VALUES('PT103',	'T010',	'PK004');
INSERT INTO PLANT_TREE VALUES('PT104',	'T001',	'PK005');
INSERT INTO PLANT_TREE VALUES('PT105',	'T001',	'PK001');
INSERT INTO PLANT_TREE VALUES('PT106',	'T002',	'PK002');
INSERT INTO PLANT_TREE VALUES('PT107',	'T003',	'PK003');
INSERT INTO PLANT_TREE VALUES('PT108',	'T004',	'PK004');
INSERT INTO PLANT_TREE VALUES('PT109',	'T005',	'PK005');
INSERT INTO PLANT_TREE VALUES('PT110',	'T006',	'PK006');
INSERT INTO PLANT_TREE VALUES('PT111',	'T007',	'PK007');
INSERT INTO PLANT_TREE VALUES('PT112',	'T008',	'PK008');
INSERT INTO PLANT_TREE VALUES('PT113',	'T009',	'PK009');
INSERT INTO PLANT_TREE VALUES('PT114',	'T010',	'PK010');
INSERT INTO PLANT_TREE VALUES('PT115',	'T001',	'PK011');
INSERT INTO PLANT_TREE VALUES('PT116',	'T001',	'PK012');
INSERT INTO PLANT_TREE VALUES('PT117',	'T002',	'PK001');
INSERT INTO PLANT_TREE VALUES('PT118',	'T003',	'PK001');
INSERT INTO PLANT_TREE VALUES('PT119',	'T004',	'PK002');
INSERT INTO PLANT_TREE VALUES('PT120',	'T005',	'PK003');
INSERT INTO PLANT_TREE VALUES('PT121',	'T006',	'PK004');
INSERT INTO PLANT_TREE VALUES('PT122',	'T007',	'PK005');
INSERT INTO PLANT_TREE VALUES('PT123',	'T008',	'PK006');
INSERT INTO PLANT_TREE VALUES('PT124',	'T009',	'PK007');
INSERT INTO PLANT_TREE VALUES('PT125',	'T010',	'PK008');
INSERT INTO PLANT_TREE VALUES('PT126',	'T001',	'PK009');
INSERT INTO PLANT_TREE VALUES('PT127',	'T001',	'PK010');
INSERT INTO PLANT_TREE VALUES('PT128',	'T002',	'PK011');
INSERT INTO PLANT_TREE VALUES('PT129',	'T003',	'PK012');
INSERT INTO PLANT_TREE VALUES('PT130',	'T004',	'PK001');
INSERT INTO PLANT_TREE VALUES('PT131',	'T005',	'PK001');
INSERT INTO PLANT_TREE VALUES('PT132',	'T006',	'PK002');
INSERT INTO PLANT_TREE VALUES('PT133',	'T007',	'PK003');
INSERT INTO PLANT_TREE VALUES('PT134',	'T008',	'PK004');
INSERT INTO PLANT_TREE VALUES('PT135',	'T009',	'PK005');
INSERT INTO PLANT_TREE VALUES('PT136',	'T010',	'PK006');
INSERT INTO PLANT_TREE VALUES('PT137',	'T001',	'PK007');
INSERT INTO PLANT_TREE VALUES('PT138',	'T001',	'PK008');
INSERT INTO PLANT_TREE VALUES('PT139',	'T002',	'PK009');
INSERT INTO PLANT_TREE VALUES('PT140',	'T003',	'PK010');
INSERT INTO PLANT_TREE VALUES('PT141',	'T004',	'PK011');
INSERT INTO PLANT_TREE VALUES('PT142',	'T005',	'PK012');
INSERT INTO PLANT_TREE VALUES('PT143',	'T006',	'PK001');
INSERT INTO PLANT_TREE VALUES('PT144',	'T007',	'PK001');
INSERT INTO PLANT_TREE VALUES('PT145',	'T008',	'PK002');
INSERT INTO PLANT_TREE VALUES('PT146',	'T009',	'PK003');
INSERT INTO PLANT_TREE VALUES('PT147',	'T010',	'PK004');
INSERT INTO PLANT_TREE VALUES('PT148',	'T001',	'PK005');
INSERT INTO PLANT_TREE VALUES('PT149',	'T001',	'PK006');
INSERT INTO PLANT_TREE VALUES('PT150',	'T002',	'PK007');
INSERT INTO PLANT_TREE VALUES('PT151',	'T003',	'PK008');
INSERT INTO PLANT_TREE VALUES('PT152',	'T004',	'PK009');
INSERT INTO PLANT_TREE VALUES('PT153',	'T005',	'PK010');
INSERT INTO PLANT_TREE VALUES('PT154',	'T008',	'PK004');
INSERT INTO PLANT_TREE VALUES('PT155',	'T009',	'PK005');
INSERT INTO PLANT_TREE VALUES('PT156',	'T010',	'PK006');
INSERT INTO PLANT_TREE VALUES('PT157',	'T001',	'PK007');
INSERT INTO PLANT_TREE VALUES('PT158',	'T001',	'PK008');
INSERT INTO PLANT_TREE VALUES('PT159',	'T002',	'PK009');
INSERT INTO PLANT_TREE VALUES('PT160',	'T003',	'PK010');
INSERT INTO PLANT_TREE VALUES('PT161',	'T004',	'PK011');
INSERT INTO PLANT_TREE VALUES('PT162',	'T005',	'PK012');
INSERT INTO PLANT_TREE VALUES('PT163',	'T006',	'PK001');
INSERT INTO PLANT_TREE VALUES('PT164',	'T007',	'PK001');
INSERT INTO PLANT_TREE VALUES('PT165',	'T008',	'PK002');
INSERT INTO PLANT_TREE VALUES('PT166',	'T009',	'PK003');
INSERT INTO PLANT_TREE VALUES('PT167',	'T010',	'PK004');
INSERT INTO PLANT_TREE VALUES('PT168',	'T001',	'PK005');
INSERT INTO PLANT_TREE VALUES('PT169',	'T001',	'PK006');
INSERT INTO PLANT_TREE VALUES('PT170',	'T002',	'PK007');
INSERT INTO PLANT_TREE VALUES('PT171',	'T003',	'PK008');
INSERT INTO PLANT_TREE VALUES('PT172',	'T004',	'PK009');
INSERT INTO PLANT_TREE VALUES('PT173',	'T005',	'PK010');
INSERT INTO PLANT_TREE VALUES('PT174',	'T008',	'PK004');
INSERT INTO PLANT_TREE VALUES('PT175',	'T009',	'PK005');
INSERT INTO PLANT_TREE VALUES('PT176',	'T010',	'PK006');
INSERT INTO PLANT_TREE VALUES('PT177',	'T001',	'PK007');
INSERT INTO PLANT_TREE VALUES('PT178',	'T001',	'PK001');
INSERT INTO PLANT_TREE VALUES('PT179',	'T002',	'PK002');
INSERT INTO PLANT_TREE VALUES('PT180',	'T003',	'PK003');
INSERT INTO PLANT_TREE VALUES('PT181',	'T004',	'PK004');
INSERT INTO PLANT_TREE VALUES('PT182',	'T005',	'PK005');
INSERT INTO PLANT_TREE VALUES('PT183',	'T006',	'PK006');
INSERT INTO PLANT_TREE VALUES('PT184',	'T007',	'PK007');
INSERT INTO PLANT_TREE VALUES('PT185',	'T008',	'PK008');
INSERT INTO PLANT_TREE VALUES('PT186',	'T009',	'PK009');
INSERT INTO PLANT_TREE VALUES('PT187',	'T010',	'PK010');
INSERT INTO PLANT_TREE VALUES('PT188',	'T001',	'PK011');
INSERT INTO PLANT_TREE VALUES('PT189,',	'T001',	'PK012');
INSERT INTO PLANT_TREE VALUES('PT190',	'T002',	'PK001');
INSERT INTO PLANT_TREE VALUES('PT191',	'T003',	'PK001');
INSERT INTO PLANT_TREE VALUES('PT192',	'T004',	'PK002');
INSERT INTO PLANT_TREE VALUES('PT193',	'T005',	'PK003');
INSERT INTO PLANT_TREE VALUES('PT194',	'T006',	'PK004');
INSERT INTO PLANT_TREE VALUES('PT195',	'T007',	'PK005');
INSERT INTO PLANT_TREE VALUES('PT196',	'T008',	'PK006');
INSERT INTO PLANT_TREE VALUES('PT197',	'T009',	'PK007');
INSERT INTO PLANT_TREE VALUES('PT198',	'T010',	'PK008');
INSERT INTO PLANT_TREE VALUES('PT199',	'T001',	'PK009');
INSERT INTO PLANT_TREE VALUES('PT200',	'T001',	'PK010');


-- 묘목 성장 현황 점검
-- 순서: 점검ID, 재배ID, 재배시 크기, 점검시 크기
CREATE TABLE CHECK_TREE
(
        CKID        CHAR(5)     NOT NULL        PRIMARY KEY,
        PTID        CHAR(5)     NOT NULL,
        PT_LENGTH       CHAR(5)     NOT NULL,
        CK_LENGTH       CHAR(6)     NOT NULL
);

INSERT INTO CHECK_TREE VALUES	('CK001'	,'PT001'	,'34'	,'179')	;
INSERT INTO CHECK_TREE VALUES	('CK002'	,'PT005'	,'37'	,'225')	;
INSERT INTO CHECK_TREE VALUES	('CK003'	,'PT006'	,'40'	,'286')	;
INSERT INTO CHECK_TREE VALUES	('CK004'	,'PT007'	,'51'	,'182')	;
INSERT INTO CHECK_TREE VALUES	('CK005'	,'PT008'	,'69'	,'214')	;
INSERT INTO CHECK_TREE VALUES	('CK006'	,'PT009'	,'58'	,'174')	;
INSERT INTO CHECK_TREE VALUES	('CK007'	,'PT010'	,'41'	,'261')	;
INSERT INTO CHECK_TREE VALUES	('CK008'	,'PT011'	,'14'	,'107')	;
INSERT INTO CHECK_TREE VALUES	('CK009'	,'PT015'	,'49'	,'125')	;
INSERT INTO CHECK_TREE VALUES	('CK010'	,'PT016'	,'19'	,'177')	;
INSERT INTO CHECK_TREE VALUES	('CK011'	,'PT017'	,'31'	,'119')	;
INSERT INTO CHECK_TREE VALUES	('CK012'	,'PT018'	,'37'	,'189')	;
INSERT INTO CHECK_TREE VALUES	('CK013'	,'PT019'	,'38'	,'296')	;
INSERT INTO CHECK_TREE VALUES	('CK014'	,'PT020'	,'39'	,'124')	;
INSERT INTO CHECK_TREE VALUES	('CK015'	,'PT021'	,'32'	,'293')	;
INSERT INTO CHECK_TREE VALUES	('CK016'	,'PT022'	,'31'	,'225')	;
INSERT INTO CHECK_TREE VALUES	('CK017'	,'PT023'	,'53'	,'132')	;
INSERT INTO CHECK_TREE VALUES	('CK018'	,'PT028'	,'09'	,'183')	;
INSERT INTO CHECK_TREE VALUES	('CK019'	,'PT029'	,'25'	,'275')	;
INSERT INTO CHECK_TREE VALUES	('CK020'	,'PT030'	,'55'	,'300')	;
INSERT INTO CHECK_TREE VALUES	('CK021'	,'PT031'	,'48'	,'280')	;
INSERT INTO CHECK_TREE VALUES	('CK022'	,'PT032'	,'39'	,'123')	;
INSERT INTO CHECK_TREE VALUES	('CK023'	,'PT033'	,'26'	,'236')	;
INSERT INTO CHECK_TREE VALUES	('CK024'	,'PT034'	,'39'	,'283')	;
INSERT INTO CHECK_TREE VALUES	('CK025'	,'PT035'	,'53'	,'288')	;
INSERT INTO CHECK_TREE VALUES	('CK026'	,'PT036'	,'15'	,'194')	;
INSERT INTO CHECK_TREE VALUES	('CK027'	,'PT037'	,'67'	,'183')	;
INSERT INTO CHECK_TREE VALUES	('CK028'	,'PT041'	,'54'	,'247')	;
INSERT INTO CHECK_TREE VALUES	('CK029'	,'PT042'	,'17'	,'135')	;
INSERT INTO CHECK_TREE VALUES	('CK030'	,'PT043'	,'61'	,'221')	;
INSERT INTO CHECK_TREE VALUES	('CK031'	,'PT044'	,'68'	,'157')	;
INSERT INTO CHECK_TREE VALUES	('CK032'	,'PT045'	,'42'	,'212')	;
INSERT INTO CHECK_TREE VALUES	('CK033'	,'PT048'	,'11'	,'229')	;
INSERT INTO CHECK_TREE VALUES	('CK034'	,'PT049'	,'33'	,'299')	;
INSERT INTO CHECK_TREE VALUES	('CK035'	,'PT050'	,'40'	,'247')	;
INSERT INTO CHECK_TREE VALUES	('CK036'	,'PT051'	,'59'	,'132')	;
INSERT INTO CHECK_TREE VALUES	('CK037'	,'PT054'	,'49'	,'195')	;
INSERT INTO CHECK_TREE VALUES	('CK038'	,'PT055'	,'24'	,'168')	;
INSERT INTO CHECK_TREE VALUES	('CK039'	,'PT056'	,'53'	,'96')	;
INSERT INTO CHECK_TREE VALUES	('CK040'	,'PT057'	,'17'	,'298')	;
INSERT INTO CHECK_TREE VALUES	('CK041'	,'PT063'	,'69'	,'112')	;
INSERT INTO CHECK_TREE VALUES	('CK042'	,'PT064'	,'52'	,'125')	;
INSERT INTO CHECK_TREE VALUES	('CK043'	,'PT065'	,'33'	,'252')	;
INSERT INTO CHECK_TREE VALUES	('CK044'	,'PT066'	,'28'	,'160')	;
INSERT INTO CHECK_TREE VALUES	('CK045'	,'PT069'	,'50'	,'167')	;
INSERT INTO CHECK_TREE VALUES	('CK046'	,'PT070'	,'41'	,'276')	;
INSERT INTO CHECK_TREE VALUES	('CK047'	,'PT071'	,'37'	,'209')	;
INSERT INTO CHECK_TREE VALUES	('CK048'	,'PT072'	,'61'	,'274')	;
INSERT INTO CHECK_TREE VALUES	('CK049'	,'PT073'	,'67'	,'240')	;
INSERT INTO CHECK_TREE VALUES	('CK050'	,'PT074'	,'65'	,'93')	;
INSERT INTO CHECK_TREE VALUES	('CK051'	,'PT075'	,'64'	,'115')	;
INSERT INTO CHECK_TREE VALUES	('CK052'	,'PT076'	,'61'	,'202')	;
INSERT INTO CHECK_TREE VALUES	('CK053'	,'PT080'	,'17'	,'260')	;
INSERT INTO CHECK_TREE VALUES	('CK054'	,'PT081'	,'29'	,'225')	;
INSERT INTO CHECK_TREE VALUES	('CK055'	,'PT082'	,'69'	,'159')	;
INSERT INTO CHECK_TREE VALUES	('CK056'	,'PT086'	,'40'	,'284')	;
INSERT INTO CHECK_TREE VALUES	('CK057'	,'PT087'	,'37'	,'104')	;
INSERT INTO CHECK_TREE VALUES	('CK058'	,'PT088'	,'44'	,'290')	;
INSERT INTO CHECK_TREE VALUES	('CK059'	,'PT092'	,'45'	,'165')	;
INSERT INTO CHECK_TREE VALUES	('CK060'	,'PT093'	,'67'	,'198')	;
INSERT INTO CHECK_TREE VALUES	('CK061'	,'PT094'	,'49'	,'286')	;
INSERT INTO CHECK_TREE VALUES	('CK062'	,'PT095'	,'51'	,'175')	;
INSERT INTO CHECK_TREE VALUES	('CK063'	,'PT096'	,'15'	,'208')	;
INSERT INTO CHECK_TREE VALUES	('CK064'	,'PT099'	,'19'	,'196')	;
INSERT INTO CHECK_TREE VALUES	('CK065'	,'PT102'	,'28'	,'136')	;
INSERT INTO CHECK_TREE VALUES	('CK066'	,'PT104'	,'26'	,'225')	;
INSERT INTO CHECK_TREE VALUES	('CK067'	,'PT105'	,'23'	,'213')	;
INSERT INTO CHECK_TREE VALUES	('CK068'	,'PT106'	,'14'	,'241')	;
INSERT INTO CHECK_TREE VALUES	('CK069'	,'PT107'	,'14'	,'128')	;
INSERT INTO CHECK_TREE VALUES	('CK070'	,'PT109'	,'33'	,'297')	;
INSERT INTO CHECK_TREE VALUES	('CK071'	,'PT110'	,'29'	,'208')	;
INSERT INTO CHECK_TREE VALUES	('CK072'	,'PT111'	,'33'	,'202')	;
INSERT INTO CHECK_TREE VALUES	('CK073'	,'PT112'	,'44'	,'113')	;
INSERT INTO CHECK_TREE VALUES	('CK074'	,'PT115'	,'51'	,'196')	;
INSERT INTO CHECK_TREE VALUES	('CK075'	,'PT116'	,'53'	,'128')	;
INSERT INTO CHECK_TREE VALUES	('CK076'	,'PT117'	,'49'	,'257')	;
INSERT INTO CHECK_TREE VALUES	('CK077'	,'PT118'	,'53'	,'280')	;
INSERT INTO CHECK_TREE VALUES	('CK078'	,'PT119'	,'37'	,'296')	;
INSERT INTO CHECK_TREE VALUES	('CK079'	,'PT120'	,'51'	,'159')	;
INSERT INTO CHECK_TREE VALUES	('CK080'	,'PT121'	,'53'	,'107')	;
INSERT INTO CHECK_TREE VALUES	('CK081'	,'PT126'	,'51'	,'299')	;
INSERT INTO CHECK_TREE VALUES	('CK082'	,'PT127'	,'58'	,'104')	;
INSERT INTO CHECK_TREE VALUES	('CK083'	,'PT128'	,'51'	,'143')	;
INSERT INTO CHECK_TREE VALUES	('CK084'	,'PT129'	,'15'	,'236')	;
INSERT INTO CHECK_TREE VALUES	('CK085'	,'PT130'	,'21'	,'121')	;
INSERT INTO CHECK_TREE VALUES	('CK086'	,'PT131'	,'60'	,'166')	;
INSERT INTO CHECK_TREE VALUES	('CK087'	,'PT134'	,'25'	,'218')	;
INSERT INTO CHECK_TREE VALUES	('CK088'	,'PT135'	,'55'	,'205')	;
INSERT INTO CHECK_TREE VALUES	('CK089'	,'PT136'	,'32'	,'92')	;
INSERT INTO CHECK_TREE VALUES	('CK090'	,'PT137'	,'33'	,'131')	;
INSERT INTO CHECK_TREE VALUES	('CK091'	,'PT143'	,'67'	,'194')	;
INSERT INTO CHECK_TREE VALUES	('CK092'	,'PT144'	,'42'	,'172')	;
INSERT INTO CHECK_TREE VALUES	('CK093'	,'PT145'	,'18'	,'136')	;
INSERT INTO CHECK_TREE VALUES	('CK094'	,'PT146'	,'69'	,'129')	;
INSERT INTO CHECK_TREE VALUES	('CK095'	,'PT147'	,'67'	,'101')	;
INSERT INTO CHECK_TREE VALUES	('CK096'	,'PT148'	,'55'	,'248')	;
INSERT INTO CHECK_TREE VALUES	('CK097'	,'PT152'	,'26'	,'244')	;
INSERT INTO CHECK_TREE VALUES	('CK098'	,'PT153'	,'62'	,'231')	;
INSERT INTO CHECK_TREE VALUES	('CK099'	,'PT154'	,'38'	,'140')	;
INSERT INTO CHECK_TREE VALUES	('CK100'	,'PT155'	,'14'	,'290')	;
INSERT INTO CHECK_TREE VALUES	('CK101'	,'PT156'	,'09'	,'112')	;
INSERT INTO CHECK_TREE VALUES	('CK102'	,'PT157'	,'13'	,'258')	;
INSERT INTO CHECK_TREE VALUES	('CK103'	,'PT158'	,'68'	,'223')	;
INSERT INTO CHECK_TREE VALUES	('CK104'	,'PT159'	,'60'	,'268')	;
INSERT INTO CHECK_TREE VALUES	('CK105'	,'PT160'	,'60'	,'253')	;
INSERT INTO CHECK_TREE VALUES	('CK106'	,'PT161'	,'44'	,'211')	;
INSERT INTO CHECK_TREE VALUES	('CK107'	,'PT162'	,'39'	,'286')	;
INSERT INTO CHECK_TREE VALUES	('CK108'	,'PT165'	,'56'	,'198')	;
INSERT INTO CHECK_TREE VALUES	('CK109'	,'PT166'	,'40'	,'104')	;
INSERT INTO CHECK_TREE VALUES	('CK110'	,'PT167'	,'64'	,'296')	;
INSERT INTO CHECK_TREE VALUES	('CK111'	,'PT168'	,'24'	,'159')	;
INSERT INTO CHECK_TREE VALUES	('CK112'	,'PT169'	,'50'	,'221')	;
INSERT INTO CHECK_TREE VALUES	('CK113'	,'PT170'	,'44'	,'240')	;
INSERT INTO CHECK_TREE VALUES	('CK114'	,'PT175'	,'48'	,'290')	;
INSERT INTO CHECK_TREE VALUES	('CK115'	,'PT176'	,'25'	,'111')	;
INSERT INTO CHECK_TREE VALUES	('CK116'	,'PT177'	,'46'	,'214')	;
INSERT INTO CHECK_TREE VALUES	('CK117'	,'PT178'	,'68'	,'112')	;
INSERT INTO CHECK_TREE VALUES	('CK118'	,'PT179'	,'64'	,'120')	;
INSERT INTO CHECK_TREE VALUES	('CK119'	,'PT180'	,'34'	,'125')	;
INSERT INTO CHECK_TREE VALUES	('CK120'	,'PT181'	,'16'	,'103')	;
INSERT INTO CHECK_TREE VALUES	('CK121'	,'PT182'	,'25'	,'115')	;
INSERT INTO CHECK_TREE VALUES	('CK122'	,'PT185'	,'42'	,'139')	;
INSERT INTO CHECK_TREE VALUES	('CK123'	,'PT186'	,'24'	,'153')	;
INSERT INTO CHECK_TREE VALUES	('CK124'	,'PT187'	,'70'	,'266')	;
INSERT INTO CHECK_TREE VALUES	('CK125'	,'PT188'	,'18'	,'210')	;
INSERT INTO CHECK_TREE VALUES	('CK126'	,'PT192'	,'39'	,'158')	;
INSERT INTO CHECK_TREE VALUES	('CK127'	,'PT193'	,'25'	,'210')	;
INSERT INTO CHECK_TREE VALUES	('CK128'	,'PT196'	,'35'	,'255')	;
INSERT INTO CHECK_TREE VALUES	('CK129'	,'PT199'	,'40'	,'277')	;
INSERT INTO CHECK_TREE VALUES	('CK130'	,'PT200'	,'58'	,'173')	;

--COMMIT;

SELECT * FROM TREE;
SELECT * FROM PARK;
SELECT * FROM PLANT_TREE;
SELECT * FROM CHECK_TREE;

-- 문제
-- 1. 가장 나무가 많이 심긴 공원, 가장 나무가 적게 심긴 공원을 찾으세요.

SELECT T2.PKNAME, COUNT(*)
FROM PARK T2, PLANT_TREE T3
WHERE T2.PKID = T3.PKID
GROUP BY T2.PKNAME 
;

-- 2. '지리산공원', '남한산성공원'에 심긴 나무를 '과'를 따라 분류하세요.

SELECT T1.TFAMILY, T1.TNAME
FROM TREE T1, PARK T2, PLANT_TREE T3
WHERE T1.TID = T3.TID
AND T2.PKID = T3.PKID
AND (T2.PKNAME = '지리산공원' OR T2.PKNAME = '남한산성공원')
GROUP BY T1.TFAMILY, T1.TNAME
;

-- 3. 공원의 분류에 따라 심긴 나무의 수를 구하세요.

SELECT T2.PKNAME, COUNT(*)
FROM TREE T1, PARK T2, PLANT_TREE T3
WHERE T1.TID = T3.TID
AND T2.PKID = T3.PKID
GROUP BY T2.PKNAME
;

-- 4. 공원 분류에 따른 점검률을 구하세요.

SELECT PLT_PKNAME, TO_CHAR(100+((CHK_TREE - PLT_TREE)/PLT_TREE*100),'00.00')||'%' AS CHKPER  FROM
(
SELECT T2.PKCLASS AS PLT_PKNAME, COUNT(*) AS PLT_TREE
FROM PLANT_TREE T1, PARK T2, CHECK_TREE T3
WHERE T1.PKID = T2.PKID
AND T1.PLTID = T3.PTID(+)
GROUP BY T2.PKCLASS
) T1,
(
SELECT T2.PKCLASS AS CHK_PKNAME, COUNT(*) AS CHK_TREE
FROM PLANT_TREE T1, PARK T2, CHECK_TREE T3
WHERE T1.PKID = T2.PKID
AND T1.PLTID = T3.PTID
GROUP BY T2.PKCLASS
) T2
WHERE T1.PLT_PKNAME = T2.CHK_PKNAME
;

SELECT COUNT(*)-COUNT(CKID)/COUNT(*)
FROM PLANT_TREE T1, PARK T2, CHECK_TREE T3
WHERE T1.PKID = T2.PKID(+)
AND T1.PLTID = T3.PTID(+)
GROUP BY T2.PKCLASS
;
-- 5. '참나무과' 의 나무가 가장 많이 심긴 공원을 구하세요.

SELECT T2.PKNAME, COUNT(*)
FROM TREE T1, PARK T2, PLANT_TREE T3
WHERE T1.TID = T3.TID
AND T2.PKID = T3.PKID
AND T1.TFAMILY = '참나무과'
GROUP BY T2.PKNAME
ORDER BY COUNT(*) DESC
;

-- 6. 가장 많이 성장한 나무의 '과'를 구하세요.

SELECT TFAMILY, GROW FROM
(
SELECT T2.TFAMILY,(CK_LENGTH - PT_LENGTH) AS GROW
FROM CHECK_TREE T1, TREE T2, PLANT_TREE T3
WHERE T1.PTID = T3.PLTID
AND T2.TID = T3.TID
GROUP BY T2.TFAMILY, (CK_LENGTH - PT_LENGTH)
ORDER BY (CK_LENGTH - PT_LENGTH) DESC
)
WHERE ROWNUM = 1
;


-- 7. 가장 적게 성장한 나무가 심긴 공원을 구하세요.

SELECT PKNAME, ROWTREE FROM(
SELECT T2.PKNAME,(CK_LENGTH - PT_LENGTH) ROWTREE
FROM CHECK_TREE T1, PARK T2, PLANT_TREE T3
WHERE T1.PTID = T3.PLTID
AND T2.PKID = T3.PKID
GROUP BY T2.PKNAME, (CK_LENGTH - PT_LENGTH)
ORDER BY (CK_LENGTH - PT_LENGTH)ASC
)
WHERE ROWNUM = 1
;

-- 8. '과' 별로 점검된 나무의 평균 성장률을 구하세요.

SELECT T2.TFAMILY,TO_CHAR(AVG((CK_LENGTH - PT_LENGTH)/PT_LENGTH),'0.00') AS AVGGROW 
FROM CHECK_TREE T1, TREE T2, PLANT_TREE T3
WHERE T1.PTID = T3.PLTID
AND T2.TID = T3.TID
GROUP BY T2.TFAMILY
;

            -- ※ 성장률: (점검시 크기 - 재배시 크기)/ (재배시 크기)

