--상품을 판매
--1.상품을 도매상으로 부터 구매해야 한다.
--2.상품을 고객에게 판매한다.

--1.상품테이블

CREATE TABLE PRODUCTS_TBL
(
    PRO_ID CHAR(6) NOT NULL PRIMARY KEY,
    PRO_NAME VARCHAR2(100) NOT NULL,
    PRO_COMPANY VARCHAR2(100) NOT NULL,
    PRO_VOL NUMBER(6,2) NOT NULL,
    PRO_INDATE DATE NOT NULL
);

SELECT * FROM PRODUCTS_TBL;

INSERT INTO PRODUCTS_TBL VALUES('P00001','라면','농심',10,'2021-02-05');
INSERT INTO PRODUCTS_TBL VALUES('P00002','아이스크림','빙그레',20,'2021-02-08');
INSERT INTO PRODUCTS_TBL VALUES('P00003','콜라','코카콜라',20,'2021-03-03');
INSERT INTO PRODUCTS_TBL VALUES('P00004','사이다','칠성',20,'2021-03-08');
INSERT INTO PRODUCTS_TBL VALUES('P00005','콜라','펩시',20,'2021-03-15');
INSERT INTO PRODUCTS_TBL VALUES('P00006','과자','크라운',20,'2021-03-22');
INSERT INTO PRODUCTS_TBL VALUES('P00007','샴푸','LG생활건강',30,'2021-04-11');
INSERT INTO PRODUCTS_TBL VALUES('P00008','비누','LG생활건강',20,'2021-04-21');
INSERT INTO PRODUCTS_TBL VALUES('P00009','화장품','LG생활건강',30,'2021-04-27');
INSERT INTO PRODUCTS_TBL VALUES('P00010','젤리','하리보',40,'2021-04-27');

--COMMIT;

--2.도매상 테이블

CREATE TABLE WHOLESALE_TBL
(
    W_ID CHAR(6) NOT NULL PRIMARY KEY,
    W_NAME VARCHAR(100) NOT NULL,
    W_REGION CHAR(6) NOT NULL,
    W_YEAR VARCHAR(4) NOT NULL
);

SELECT * FROM WHOLESALE_TBL;

INSERT INTO WHOLESALE_TBL VALUES('W00001','도매상1','R00001','1982');
INSERT INTO WHOLESALE_TBL VALUES('W00002','도매상2','R00002','2001');
INSERT INTO WHOLESALE_TBL VALUES('W00003','도매상3','R00001','1994');
INSERT INTO WHOLESALE_TBL VALUES('W00004','도매상4','R00003','2011');
INSERT INTO WHOLESALE_TBL VALUES('W00005','도매상5','R00002','2005');

--COMMIT;

--3.도매상에서 상품 구매 내역 테이블

CREATE TABLE BUY_TBL
(
    PRO_ID CHAR(6) NOT NULL,
    W_ID CHAR(6) NOT NULL,
    B_ID NUMBER(4) NOT NULL,
    B_PRICE NUMBER(10,2) NOT NULL,
    B_QTY NUMBER(4) NOT NULL,
    B_INDATE DATE NOT NULL,
    B_CONTENT VARCHAR2(1000) NULL
);

SELECT * FROM BUY_TBL;

INSERT INTO BUY_TBL VALUES('P00001', 'W00001', 1, 800, 5, '2021-01-15', NULL);
INSERT INTO BUY_TBL VALUES('P00001', 'W00001', 2, 800, 14, '2021-02-11', NULL);
INSERT INTO BUY_TBL VALUES('P00001', 'W00001', 3, 850, 7, '2021-02-12', NULL);
INSERT INTO BUY_TBL VALUES('P00001', 'W00001', 4, 780, 22, '2021-03-09', NULL);
INSERT INTO BUY_TBL VALUES('P00001', 'W00001', 5, 750, 24, '2021-03-22', NULL);
INSERT INTO BUY_TBL VALUES('P00001', 'W00005', 1, 900, 8, '2021-04-02', NULL);
INSERT INTO BUY_TBL VALUES('P00001', 'W00005', 2, 920, 9, '2021-04-23', NULL);

INSERT INTO BUY_TBL VALUES('P00002', 'W00002', 1, 500, 30, '2021-01-16', NULL);
INSERT INTO BUY_TBL VALUES('P00002', 'W00002', 2, 550, 30, '2021-01-25', NULL);
INSERT INTO BUY_TBL VALUES('P00002', 'W00003', 1, 670, 11, '2021-02-14', NULL);
INSERT INTO BUY_TBL VALUES('P00002', 'W00003', 2, 660, 12, '2021-03-17', NULL);
INSERT INTO BUY_TBL VALUES('P00002', 'W00003', 3, 680, 14, '2021-04-23', NULL);

INSERT INTO BUY_TBL VALUES('P00003', 'W00001', 1, 570, 10, '2021-01-23', NULL);
INSERT INTO BUY_TBL VALUES('P00003', 'W00001', 2, 580, 20, '2021-01-25', NULL);
INSERT INTO BUY_TBL VALUES('P00003', 'W00001', 3, 610, 35, '2021-02-21', NULL);
INSERT INTO BUY_TBL VALUES('P00003', 'W00001', 4, 750, 11, '2021-02-23', NULL);
INSERT INTO BUY_TBL VALUES('P00003', 'W00001', 5, 610, 22, '2021-04-05', NULL);
INSERT INTO BUY_TBL VALUES('P00003', 'W00001', 6, 630, 17, '2021-04-23', NULL);

INSERT INTO BUY_TBL VALUES('P00004', 'W00005', 1, 574, 8, '2021-03-11', NULL);
INSERT INTO BUY_TBL VALUES('P00004', 'W00005', 2, 611, 88, '2021-03-19', NULL);
INSERT INTO BUY_TBL VALUES('P00004', 'W00002', 1, 625, 77, '2021-04-05', NULL);

INSERT INTO BUY_TBL VALUES('P00006', 'W00002', 1, 1200, 50, '2021-02-08', NULL);
INSERT INTO BUY_TBL VALUES('P00006', 'W00002', 2, 1200, 40, '2021-03-19', NULL);
INSERT INTO BUY_TBL VALUES('P00006', 'W00003', 1, 1300, 60, '2021-03-20', NULL);
INSERT INTO BUY_TBL VALUES('P00006', 'W00003', 2, 1270, 33, '2021-04-19', NULL);

INSERT INTO BUY_TBL VALUES('P00007', 'W00005', 1, 15000, 30, '2021-01-19', NULL);
INSERT INTO BUY_TBL VALUES('P00007', 'W00005', 2, 15500, 40, '2021-03-11', NULL);
INSERT INTO BUY_TBL VALUES('P00007', 'W00005', 3, 14600, 50, '2021-04-21', NULL);

INSERT INTO BUY_TBL VALUES('P00009', 'W00002', 1, 78000, 10, '2021-01-11', NULL);
INSERT INTO BUY_TBL VALUES('P00009', 'W00001', 1, 81000, 15, '2021-03-21', NULL);

INSERT INTO BUY_TBL VALUES('P00010', 'W00001', 1, 1350, 55, '2021-01-07', NULL);
INSERT INTO BUY_TBL VALUES('P00010', 'W00001', 2, 1340, 45, '2021-02-07', NULL);
INSERT INTO BUY_TBL VALUES('P00010', 'W00001', 3, 1300, 85, '2021-03-09', NULL);
INSERT INTO BUY_TBL VALUES('P00010', 'W00003', 1, 1510, 10, '2021-03-11', NULL);
INSERT INTO BUY_TBL VALUES('P00010', 'W00003', 2, 1510, 33, '2021-03-19', NULL);
INSERT INTO BUY_TBL VALUES('P00010', 'W00005', 1, 1530, 8, '2021-04-09', NULL);
INSERT INTO BUY_TBL VALUES('P00010', 'W00005', 2, 1570, 11, '2021-04-12', NULL);

--COMMIT;

CREATE TABLE CUSTOMER_TBL					
(
    C_ID	CHAR(6) NOT NULL PRIMARY KEY,
    C_NAME	VARCHAR2(30) NOT NULL,
    C_BIRTH	DATE NOT NULL,
    C_REGION	CHAR(6) NOT NULL,
    C_GENDER	CHAR(1) NOT NULL
);

SELECT * FROM CUSTOMER_TBL;

INSERT INTO CUSTOMER_TBL VALUES('C00001', '홍길동', '1978-05-04', 'R00001', 'M');
INSERT INTO CUSTOMER_TBL VALUES('C00002', '전우치', '1981-01-17', 'R00002', 'M');
INSERT INTO CUSTOMER_TBL VALUES('C00003', '김갑돌', '1974-03-12', 'R00003', 'M');
INSERT INTO CUSTOMER_TBL VALUES('C00004', '김갑순', '1985-07-22', 'R00004', 'F');
INSERT INTO CUSTOMER_TBL VALUES('C00005', '박선희', '1978-08-11', 'R00001', 'F');
INSERT INTO CUSTOMER_TBL VALUES('C00006', '최도우', '1972-04-19', 'R00001', 'M');
INSERT INTO CUSTOMER_TBL VALUES('C00007', '경승일', '1985-12-07', 'R00002', 'M');
INSERT INTO CUSTOMER_TBL VALUES('C00008', '김지연', '1982-11-23', 'R00003', 'F');

--COMMIT;

CREATE TABLE SALES_TBL						
(
    C_ID	CHAR(6) NOT NULL,
    PRO_ID	CHAR(6) NOT NULL,
    S_IDX	NUMBER(4) NOT NULL,
    S_PRICE	NUMBER(10,2) NOT NULL,
    S_QTY	NUMBER(4) NOT NULL,
    S_OUTDATE	DATE NOT NULL,
    CONSTRAINT SALES_TBL_PK PRIMARY KEY(C_ID, PRO_ID, S_IDX)
);

--P00005, P00008 구매하면 안되요

SELECT * FROM SALES_TBL;
--COMMIT;

INSERT INTO SALES_TBL VALUES('C00001', 'P00001', 1, 1000, 3, '2021-02-04');
INSERT INTO SALES_TBL VALUES('C00001', 'P00001', 2, 1000, 2, '2021-03-05');
INSERT INTO SALES_TBL VALUES('C00001', 'P00004', 1, 800, 2, '2021-02-04');
INSERT INTO SALES_TBL VALUES('C00001', 'P00006', 1, 1450, 1, '2021-02-04');
INSERT INTO SALES_TBL VALUES('C00001', 'P00002', 1, 750, 2, '2021-03-05');
INSERT INTO SALES_TBL VALUES('C00001', 'P00007', 1, 20000, 2, '2021-03-05');
INSERT INTO SALES_TBL VALUES('C00001', 'P00002', 2, 750, 4, '2021-04-11');
INSERT INTO SALES_TBL VALUES('C00001', 'P00003', 1, 900, 8, '2021-04-12');
INSERT INTO SALES_TBL VALUES('C00001', 'P00006', 2, 1400, 5, '2021-04-13');

INSERT INTO SALES_TBL VALUES('C00002', 'P00001', 1, 1000, 3, '2021-02-07');
INSERT INTO SALES_TBL VALUES('C00002', 'P00004', 1, 800, 5, '2021-02-07');
INSERT INTO SALES_TBL VALUES('C00002', 'P00002', 1, 770, 9, '2021-03-09');
INSERT INTO SALES_TBL VALUES('C00002', 'P00007', 1, 21000, 1, '2021-03-09');
INSERT INTO SALES_TBL VALUES('C00002', 'P00004', 2, 800, 2, '2021-04-02');
INSERT INTO SALES_TBL VALUES('C00002', 'P00006', 1, 1400, 5, '2021-04-13');

INSERT INTO SALES_TBL VALUES('C00003', 'P00004', 1, 810, 7, '2021-03-11');
INSERT INTO SALES_TBL VALUES('C00003', 'P00004', 2, 800, 7, '2021-03-19');
INSERT INTO SALES_TBL VALUES('C00003', 'P00007', 1, 20000, 2, '2021-03-22');
INSERT INTO SALES_TBL VALUES('C00003', 'P00009', 1, 90000, 1, '2021-04-11');

INSERT INTO SALES_TBL VALUES('C00004', 'P00003', 1, 900, 15, '2021-02-25');
INSERT INTO SALES_TBL VALUES('C00004', 'P00004', 1, 790, 9, '2021-02-27');
INSERT INTO SALES_TBL VALUES('C00004', 'P00004', 2, 800, 11, '2021-03-11');
INSERT INTO SALES_TBL VALUES('C00004', 'P00009', 1, 91000, 5, '2021-03-19');
INSERT INTO SALES_TBL VALUES('C00004', 'P00007', 1, 19500, 10, '2021-04-02');
INSERT INTO SALES_TBL VALUES('C00004', 'P00003', 2, 870, 40, '2021-04-11');

INSERT INTO SALES_TBL VALUES('C00005', 'P00002', 1, 770, 30, '2021-02-07');
INSERT INTO SALES_TBL VALUES('C00005', 'P00003', 1, 900, 42, '2021-02-07');
INSERT INTO SALES_TBL VALUES('C00005', 'P00004', 1, 800, 55, '2021-02-07');
INSERT INTO SALES_TBL VALUES('C00005', 'P00006', 1, 1420, 78, '2021-02-07');
INSERT INTO SALES_TBL VALUES('C00005', 'P00007', 1, 20000, 7, '2021-02-07');
INSERT INTO SALES_TBL VALUES('C00005', 'P00009', 1, 92000, 8, '2021-02-07');

INSERT INTO SALES_TBL VALUES('C00007', 'P00009', 1, 90500, 1, '2021-03-05');
INSERT INTO SALES_TBL VALUES('C00007', 'P00002', 1, 800, 17, '2021-03-09');
INSERT INTO SALES_TBL VALUES('C00007', 'P00002', 2, 750, 21, '2021-04-05');
INSERT INTO SALES_TBL VALUES('C00007', 'P00003', 1, 770, 44, '2021-02-11');
INSERT INTO SALES_TBL VALUES('C00007', 'P00003', 2, 760, 40, '2021-03-09');
INSERT INTO SALES_TBL VALUES('C00007', 'P00003', 3, 600, 130, '2021-04-02');
INSERT INTO SALES_TBL VALUES('C00007', 'P00007', 1, 21000, 2, '2021-02-05');
INSERT INTO SALES_TBL VALUES('C00007', 'P00007', 2, 20000, 2, '2021-03-09');
INSERT INTO SALES_TBL VALUES('C00007', 'P00007', 3, 19500, 3, '2021-03-12');
INSERT INTO SALES_TBL VALUES('C00007', 'P00007', 4, 19000, 10, '2021-04-05');


CREATE TABLE REGION_TBL
(
    R_ID CHAR(6) NOT NULL PRIMARY KEY,
    R_NAME VARCHAR2(30) NOT NULL
);

SELECT * FROM REGION_TBL;
--COMMIT;

INSERT INTO REGION_TBL VALUES('R00001', '부산');
INSERT INTO REGION_TBL VALUES('R00002', '울산');
INSERT INTO REGION_TBL VALUES('R00003', '창원');
INSERT INTO REGION_TBL VALUES('R00004', '김해');
INSERT INTO REGION_TBL VALUES('R00005', '양산');