CREATE TABLE GAMES
(
    GID CHAR(4) NOT NULL PRIMARY KEY,
    GNAME VARCHAR2(90) NOT NULL,
    GPRICE NUMBER(6) NOT NULL
);

DROP TABLE GAMES;

INSERT INTO GAMES VALUES('G001','오버워치',22500);
INSERT INTO GAMES VALUES('G002','오버워치:레전더리 에디션',45000);
INSERT INTO GAMES VALUES('G003','스타크래프트:리마스터',16500);
INSERT INTO GAMES VALUES('G004','스타크래프트:리마스터+카툰',29700);
INSERT INTO GAMES VALUES('G005','스타크래프트:카툰',13200);
INSERT INTO GAMES VALUES('G006','스타크래프트Ⅱ:캠페인 컬렉션',36000);
INSERT INTO GAMES VALUES('G007','워크래프트Ⅲ:리포지드',36000);
INSERT INTO GAMES VALUES('G008','디아블로Ⅱ:레저렉션',48000);
INSERT INTO GAMES VALUES('G009','디아블로Ⅲ:이터널 컬렉션',45000);
INSERT INTO GAMES VALUES('G010','디아블로Ⅲ:대악마판',30000);
INSERT INTO GAMES VALUES('G011','디아블로Ⅲ',16000);
INSERT INTO GAMES VALUES('G012','디아블로Ⅲ:대악마 컬렉션',72000);
INSERT INTO GAMES VALUES('G013','콜 오브 듀티:블랙 옵스 콜드 워 - 얼티밋 에디션',85000);
INSERT INTO GAMES VALUES('G014','콜 오브 듀티:블랙 옵스 콜드 워',49000);
INSERT INTO GAMES VALUES('G015','콜 오브 듀티:모던 워페어',45000);
INSERT INTO GAMES VALUES('G016','콜 오브 듀티:블랙 옵스4 - 디지털 디럭스 에디션',49000);
INSERT INTO GAMES VALUES('G017','콜 오브 듀티:블랙 옵스4',45000);
INSERT INTO GAMES VALUES('G018','콜 오브 듀티:블랙 옵스4 - 배틀 에디션',30000);
INSERT INTO GAMES VALUES('G019','콜 오브 듀티:모던워페어2 캠페인 리마스터',28400);

SELECT * FROM GAMES;

CREATE TABLE G_MEMBERS
(
    MID CHAR(4) NOT NULL PRIMARY KEY,
    MNAME VARCHAR2(30) NOT NULL,
    MGENDER VARCHAR2(3) NOT NULL,
    MAGE NUMBER(3) NOT NULL,
    MADDR VARCHAR2(30) NOT NULL
);

INSERT INTO G_MEMBERS VALUES('M001','홍길동','M','22','부산');
INSERT INTO G_MEMBERS VALUES('M002','성춘향','F','19','울산');
INSERT INTO G_MEMBERS VALUES('M003','이몽룡','M','20','서울');
INSERT INTO G_MEMBERS VALUES('M004','심청','F','17','부산');
INSERT INTO G_MEMBERS VALUES('M005','심봉사','M','53','창원');
INSERT INTO G_MEMBERS VALUES('M006','콩쥐','F','25','김해');
INSERT INTO G_MEMBERS VALUES('M007','팥쥐','F','24','창원');
INSERT INTO G_MEMBERS VALUES('M008','흥부','M','36','서울');
INSERT INTO G_MEMBERS VALUES('M009','놀부','M','44','김해');
INSERT INTO G_MEMBERS VALUES('M010','방자','M','15','부산');

SELECT * FROM G_MEMBERS;

CREATE TABLE G_STORE
(
    GID CHAR(4) NOT NULL,
    MID CHAR(4) NOT NULL,
    BUY_DATE VARCHAR(60) NOT NULL
);

INSERT INTO G_STORE VALUES('G001','M001','2021-04-07');
INSERT INTO G_STORE VALUES('G005','M010','2021-04-07');
INSERT INTO G_STORE VALUES('G007','M005','2021-04-07');
INSERT INTO G_STORE VALUES('G010','M003','2021-04-07');
INSERT INTO G_STORE VALUES('G001','M007','2021-04-07');
INSERT INTO G_STORE VALUES('G012','M008','2021-04-07');
INSERT INTO G_STORE VALUES('G013','M001','2021-04-08');
INSERT INTO G_STORE VALUES('G008','M002','2021-04-08');
INSERT INTO G_STORE VALUES('G004','M003','2021-04-08');
INSERT INTO G_STORE VALUES('G003','M009','2021-04-08');
INSERT INTO G_STORE VALUES('G019','M006','2021-04-08');
INSERT INTO G_STORE VALUES('G018','M007','2021-04-08');
INSERT INTO G_STORE VALUES('G015','M002','2021-04-09');
INSERT INTO G_STORE VALUES('G012','M003','2021-04-09');
INSERT INTO G_STORE VALUES('G011','M001','2021-04-09');
INSERT INTO G_STORE VALUES('G006','M006','2021-04-09');
INSERT INTO G_STORE VALUES('G017','M008','2021-04-09');
INSERT INTO G_STORE VALUES('G002','M009','2021-04-10');
INSERT INTO G_STORE VALUES('G001','M010','2021-04-10');
INSERT INTO G_STORE VALUES('G010','M005','2021-04-10');
INSERT INTO G_STORE VALUES('G001','M004','2021-04-10');

SELECT * FROM G_STORE;

--COMMIT;

SELECT * FROM GAMES;
SELECT * FROM G_MEMBERS;
SELECT * FROM G_STORE;

--1.부산에서 게임을 구매한 사람중 남자의 총 매출

--2.스타크래프트를 구매한 사람을 지역별로 표시하시오 결과 지역 : 몇명

--3.서울에서 구매한 게임의 종류를 표시하시오 결과는 서울 : 게임이름

--4.오버워치의 총 매출을 표시하시오 결과는 오버워치 : 얼마